[
    {
        "startdate": "2025/05/16",
        "starttime": "13:00",
        "startweek": 0,
        "startday": 5,
        "enddate": "2025/05/19",
        "endtime": "16:00",
        "endweek": 0,
        "endday": 1,
        "location": "",
        "type": "选课",
        "event": "预选",
        "description": ""
    },
    {
        "startdate": "2025/05/23",
        "starttime": "13:00",
        "startweek": 0,
        "startday": 5,
        "enddate": "2025/05/26",
        "endtime": "16:00",
        "endweek": 0,
        "endday": 1,
        "location": "",
        "type": "选课",
        "event": "正选",
        "description": "全部课程可选可删，先选先得，选满后实行Waiting List方案。"
    },
    {
        "startdate": "2025/05/27",
        "starttime": "13:00",
        "startweek": 0,
        "startday": 2,
        "enddate": "2025/05/30",
        "endtime": "16:00",
        "endweek": 0,
        "endday": 5,
        "location": "",
        "type": "选课",
        "event": "重补修体育课分项（第一次）",
        "description": ""
    },
    {
        "startdate": "2025/05/30",
        "starttime": "13:00",
        "startweek": 0,
        "startday": 5,
        "enddate": "2025/06/06",
        "endtime": "16:00",
        "endweek": 0,
        "endday": 5,
        "location": "",
        "type": "选课",
        "event": "二级选课（第一次）",
        "description": "先选先得，选满为止。"
    },
    {
        "startdate": "2025/09/15",
        "starttime": "13:00",
        "startweek": 1,
        "startday": 1,
        "enddate": "2025/09/22",
        "endtime": "8:00",
        "endweek": 2,
        "endday": 1,
        "location": "",
        "type": "选课",
        "event": "补退选（第一阶段）",
        "description": "全部课程可选可删，先选先得，选满后实行Waiting List方案。"
    },
    {
        "startdate": "2025/09/15",
        "starttime": "13:00",
        "startweek": 1,
        "startday": 1,
        "enddate": "2025/09/22",
        "endtime": "8:00",
        "endweek": 2,
        "endday": 1,
        "location": "",
        "type": "选课",
        "event": "二级选课（第二次）",
        "description": "先选先得，选满为止。"
    },
    {
        "startdate": "2025/09/22",
        "starttime": "13:00",
        "startweek": 2,
        "startday": 1,
        "enddate": "2025/09/25",
        "endtime": "16:00",
        "endweek": 2,
        "endday": 4,
        "location": "",
        "type": "选课",
        "event": "重补修体育课分项（第二次）",
        "description": ""
    },
    {
        "startdate": "2025/09/22",
        "starttime": "13:00",
        "startweek": 2,
        "startday": 1,
        "enddate": "2025/09/26",
        "endtime": "12:00",
        "endweek": 2,
        "endday": 5,
        "location": "",
        "type": "选课",
        "event": "网上申请特殊原因补选",
        "description": "学生网上申请，经任课教师、开课院系网上两重审批均通过后，方可补选成功。"
    },
    {
        "startdate": "2025/09/22",
        "starttime": "13:00",
        "startweek": 2,
        "startday": 1,
        "enddate": "2025/09/26",
        "endtime": "16:00",
        "endweek": 2,
        "endday": 5,
        "location": "",
        "type": "选课",
        "event": "补退选（第二阶段）",
        "description": "本科生体育课程不可选，亦不可删。其他课程不可选课，只允许删除已选课程，所删课程不记录在成绩单上。"
    },
    {
        "startdate": "2025/10/20",
        "starttime": "8:00",
        "startweek": 6,
        "startday": 1,
        "enddate": "2025/10/24",
        "endtime": "16:00",
        "endweek": 6,
        "endday": 5,
        "location": "",
        "type": "选课",
        "event": "选择课程以P/F记载",
        "description": "在“课程属性”为“任选”的已选课程中选择一门，其成绩记为P或F，无绩点。"
    },
    {
        "startdate": "2025/10/20",
        "starttime": "8:00",
        "startweek": 6,
        "startday": 1,
        "enddate": "2025/10/24",
        "endtime": "16:00",
        "endweek": 6,
        "endday": 5,
        "location": "",
        "type": "选课",
        "event": "退课（第一阶段）",
        "description": "除本科生体育课、北外课程不可退课外，其他课程均可退课，所删后八周课程不记录在成绩单上。"
    },
    {
        "startdate": "2025/11/17",
        "starttime": "8:00",
        "startweek": 10,
        "startday": 1,
        "enddate": "2025/11/21",
        "endtime": "16:00",
        "endweek": 10,
        "endday": 5,
        "location": "",
        "type": "选课",
        "event": "退课（第二阶段）",
        "description": "只允许后八周开课的课程退课，所删课程不记录在成绩单上，其他课程、北大、北外课程均不可退课。"
    },
    {
        "startdate": "2025/05/27",
        "starttime": "13:00",
        "startweek": 0,
        "startday": 2,
        "enddate": "2025/06/06",
        "endtime": "16:00",
        "endweek": 0,
        "endday": 5,
        "location": "",
        "type": "选课-夏",
        "event": "选课",
        "description": "全部课程可选可删，先选先得，选满后实行Waiting List方案。"
    },
    {
        "startdate": "2025/06/07",
        "starttime": "13:00",
        "startweek": 0,
        "startday": 6,
        "enddate": "2025/08/28",
        "endtime": "12:00",
        "endweek": 0,
        "endday": 4,
        "location": "",
        "type": "选课-夏",
        "event": "网上申请特殊原因补选",
        "description": "学生网上申请，经任课教师、开课院系网上两重审批均通过后，方可补选成功。"
    },
    {
        "startdate": "2025/08/29",
        "starttime": "8:00",
        "startweek": 0,
        "startday": 5,
        "enddate": "2025/09/04",
        "endtime": "16:00",
        "endweek": 0,
        "endday": 4,
        "location": "",
        "type": "选课-夏",
        "event": "退课",
        "description": "所退课程在成绩单上记W。"
    },
    {
        "startdate": "2025/09/18",
        "starttime": "8:00",
        "startweek": 1,
        "startday": 4,
        "enddate": "2025/09/26",
        "endtime": "17:00",
        "endweek": 2,
        "endday": 5,
        "location": "",
        "type": "事务",
        "event": "全国大学英语四六级报名",
        "description": "详见<a href=\"https://info.tsinghua.edu.cn/f/info/xxfb_fg/xnzx/template/detail?xxid=2935c99bd917059d01a4365bcec05bf6\" target=\"_blank\"   class=\"normal\">《关于2025年下半年全国大学英语四、六级考试报名的通知》</a>"
    }
]